name,winner,primarytitle
Richard Barthelmess,False,The Noose
Emil Jannings,True,The Last Command
Louise Dresser,False,A Ship Comes In
Janet Gaynor,True,7th Heaven
Gloria Swanson,False,Sadie Thompson
George Bancroft,False,Thunderbolt
Warner Baxter,True,In Old Arizona
Chester Morris,False,Alibi
Paul Muni,False,The Valiant
Lewis Stone,False,The Patriot
Ruth Chatterton,False,Madame X
Betty Compson,False,The Barker
Jeanne Eagels,False,The Letter
Corinne Griffith,False,The Divine Lady
Bessie Love,False,The Broadway Melody
Mary Pickford,True,Coquette
George Arliss,True,Disraeli
George Arliss,False,The Green Goddess
Wallace Beery,False,The Big House
Maurice Chevalier,False,The Big Pond
Ronald Colman,False,Bulldog Drummond
Lawrence Tibbett,False,The Rogue Song
Nancy Carroll,False,The Devil's Holiday
Ruth Chatterton,False,Sarah and Son
Greta Garbo,False,Anna Christie
Norma Shearer,True,The Divorcee
Norma Shearer,False,Their Own Desire
Gloria Swanson,False,The Trespasser
Lionel Barrymore,True,A Free Soul
Jackie Cooper,False,Skippy
Richard Dix,False,Cimarron
Fredric March,False,The Royal Family of Broadway
Adolphe Menjou,False,The Front Page
Marlene Dietrich,False,Morocco
Marie Dressler,True,Min and Bill
Irene Dunne,False,Cimarron
Ann Harding,False,Holiday
Norma Shearer,False,A Free Soul
Wallace Beery,True,The Champ
Alfred Lunt,False,The Guardsman
Fredric March,True,Dr. Jekyll and Mr. Hyde
Marie Dressler,False,Emma
Lynn Fontanne,False,The Guardsman
Helen Hayes,True,The Sin of Madelon Claudet
Leslie Howard,False,Berkeley Square
Charles Laughton,True,The Private Life of Henry VIII
Paul Muni,False,I Am a Fugitive from a Chain Gang
Katharine Hepburn,True,Morning Glory
May Robson,False,Lady for a Day
Diana Wynyard,False,Cavalcade
Clark Gable,True,It Happened One Night
Frank Morgan,False,The Affairs of Cellini
William Powell,False,The Thin Man
Claudette Colbert,True,It Happened One Night
Bette Davis,False,Of Human Bondage
Grace Moore,False,One Night of Love
Norma Shearer,False,The Barretts of Wimpole Street
Clark Gable,False,Mutiny on the Bounty
Charles Laughton,False,Mutiny on the Bounty
Victor McLaglen,True,The Informer
Paul Muni,False,Black Fury
Franchot Tone,False,Mutiny on the Bounty
Elisabeth Bergner,False,Escape Me Never
Claudette Colbert,False,Private Worlds
Bette Davis,True,Dangerous
Katharine Hepburn,False,Alice Adams
Miriam Hopkins,False,Becky Sharp
Merle Oberon,False,The Dark Angel
Gary Cooper,False,Mr. Deeds Goes to Town
Walter Huston,False,Dodsworth
Paul Muni,True,The Story of Louis Pasteur
William Powell,False,My Man Godfrey
Spencer Tracy,False,San Francisco
Irene Dunne,False,Theodora Goes Wild
Gladys George,False,Valiant Is the Word for Carrie
Carole Lombard,False,My Man Godfrey
Luise Rainer,True,The Great Ziegfeld
Norma Shearer,False,Romeo and Juliet
Charles Boyer,False,Conquest
Fredric March,False,A Star Is Born
Robert Montgomery,False,Night Must Fall
Paul Muni,False,The Life of Emile Zola
Spencer Tracy,True,Captains Courageous
Irene Dunne,False,The Awful Truth
Greta Garbo,False,Camille
Janet Gaynor,False,A Star Is Born
Luise Rainer,True,The Good Earth
Barbara Stanwyck,False,Stella Dallas
Charles Boyer,False,Algiers
James Cagney,False,Angels with Dirty Faces
Robert Donat,False,The Citadel
Leslie Howard,False,Pygmalion
Spencer Tracy,True,Boys Town
Fay Bainter,False,White Banners
Bette Davis,True,Jezebel
Wendy Hiller,False,Pygmalion
Norma Shearer,False,Marie Antoinette
Margaret Sullavan,False,Three Comrades
Robert Donat,True,"Goodbye, Mr. Chips"
Clark Gable,False,Gone with the Wind
Laurence Olivier,False,Wuthering Heights
Mickey Rooney,False,Babes in Arms
James Stewart,False,Mr. Smith Goes to Washington
Bette Davis,False,Dark Victory
Irene Dunne,False,Love Affair
Greta Garbo,False,Ninotchka
Greer Garson,False,"Goodbye, Mr. Chips"
Vivien Leigh,True,Gone with the Wind
Charles Chaplin,False,The Great Dictator
Henry Fonda,False,The Grapes of Wrath
Raymond Massey,False,Abe Lincoln in Illinois
Laurence Olivier,False,Rebecca
James Stewart,True,The Philadelphia Story
Bette Davis,False,The Letter
Joan Fontaine,False,Rebecca
Katharine Hepburn,False,The Philadelphia Story
Ginger Rogers,True,Kitty Foyle
Martha Scott,False,Our Town
Gary Cooper,True,Sergeant York
Cary Grant,False,Penny Serenade
Walter Huston,False,All That Money Can Buy
Robert Montgomery,False,Here Comes Mr. Jordan
Orson Welles,False,Citizen Kane
Bette Davis,False,The Little Foxes
Olivia de Havilland,False,Hold Back the Dawn
Joan Fontaine,True,Suspicion
Greer Garson,False,Blossoms in the Dust
Barbara Stanwyck,False,Ball of Fire
James Cagney,True,Yankee Doodle Dandy
Ronald Colman,False,Random Harvest
Gary Cooper,False,The Pride of the Yankees
Walter Pidgeon,False,Mrs. Miniver
Monty Woolley,False,The Pied Piper
Bette Davis,False,"Now, Voyager"
Greer Garson,True,Mrs. Miniver
Katharine Hepburn,False,Woman of the Year
Rosalind Russell,False,My Sister Eileen
Teresa Wright,False,The Pride of the Yankees
Humphrey Bogart,False,Casablanca
Gary Cooper,False,For Whom the Bell Tolls
Paul Lukas,True,Watch on the Rhine
Walter Pidgeon,False,Madame Curie
Mickey Rooney,False,The Human Comedy
Jean Arthur,False,The More the Merrier
Ingrid Bergman,False,For Whom the Bell Tolls
Joan Fontaine,False,The Constant Nymph
Greer Garson,False,Madame Curie
Jennifer Jones,True,The Song of Bernadette
Charles Boyer,False,Gaslight
Bing Crosby,True,Going My Way
Barry Fitzgerald,False,Going My Way
Cary Grant,False,None but the Lonely Heart
Alexander Knox,False,Wilson
Ingrid Bergman,True,Gaslight
Claudette Colbert,False,Since You Went Away
Bette Davis,False,Mr. Skeffington
Greer Garson,False,Mrs. Parkington
Barbara Stanwyck,False,Double Indemnity
Bing Crosby,False,The Bells of St. Mary's
Gene Kelly,False,Anchors Aweigh
Ray Milland,True,The Lost Weekend
Gregory Peck,False,The Keys of the Kingdom
Cornel Wilde,False,A Song to Remember
Ingrid Bergman,False,The Bells of St. Mary's
Joan Crawford,True,Mildred Pierce
Greer Garson,False,The Valley of Decision
Jennifer Jones,False,Love Letters
Gene Tierney,False,Leave Her to Heaven
Fredric March,True,The Best Years of Our Lives
Laurence Olivier,False,Henry V
Larry Parks,False,The Jolson Story
Gregory Peck,False,The Yearling
James Stewart,False,It's a Wonderful Life
Olivia de Havilland,True,To Each His Own
Celia Johnson,False,Brief Encounter
Jennifer Jones,False,Duel in the Sun
Rosalind Russell,False,Sister Kenny
Jane Wyman,False,The Yearling
Ronald Colman,True,A Double Life
John Garfield,False,Body and Soul
Gregory Peck,False,Gentleman's Agreement
William Powell,False,Life with Father
Michael Redgrave,False,Mourning Becomes Electra
Joan Crawford,False,Possessed
Susan Hayward,False,Smash-Up--The Story of a Woman
Dorothy McGuire,False,Gentleman's Agreement
Rosalind Russell,False,Mourning Becomes Electra
Loretta Young,True,The Farmer's Daughter
Lew Ayres,False,Johnny Belinda
Montgomery Clift,False,The Search
Dan Dailey,False,When My Baby Smiles at Me
Laurence Olivier,True,Hamlet
Clifton Webb,False,Sitting Pretty
Ingrid Bergman,False,Joan of Arc
Olivia de Havilland,False,The Snake Pit
Irene Dunne,False,I Remember Mama
Barbara Stanwyck,False,"Sorry, Wrong Number"
Jane Wyman,True,Johnny Belinda
Broderick Crawford,True,All the King's Men
Kirk Douglas,False,Champion
Gregory Peck,False,Twelve O'Clock High
Richard Todd,False,The Hasty Heart
John Wayne,False,Sands of Iwo Jima
Jeanne Crain,False,Pinky
Olivia de Havilland,True,The Heiress
Susan Hayward,False,My Foolish Heart
Deborah Kerr,False,"Edward, My Son"
Loretta Young,False,Come to the Stable
Louis Calhern,False,The Magnificent Yankee
JosÃ© Ferrer,True,Cyrano de Bergerac
William Holden,False,Sunset Blvd.
James Stewart,False,Harvey
Spencer Tracy,False,Father of the Bride
Anne Baxter,False,All about Eve
Bette Davis,False,All about Eve
Judy Holliday,True,Born Yesterday
Eleanor Parker,False,Caged
Gloria Swanson,False,Sunset Blvd.
Humphrey Bogart,True,The African Queen
Marlon Brando,False,A Streetcar Named Desire
Montgomery Clift,False,A Place in the Sun
Arthur Kennedy,False,Bright Victory
Fredric March,False,Death of a Salesman
Katharine Hepburn,False,The African Queen
Vivien Leigh,True,A Streetcar Named Desire
Eleanor Parker,False,Detective Story
Shelley Winters,False,A Place in the Sun
Jane Wyman,False,The Blue Veil
Marlon Brando,False,Viva Zapata!
Gary Cooper,True,High Noon
Kirk Douglas,False,The Bad and the Beautiful
JosÃ© Ferrer,False,Moulin Rouge
Alec Guinness,False,The Lavender Hill Mob
Shirley Booth,True,"Come Back, Little Sheba"
Joan Crawford,False,Sudden Fear
Bette Davis,False,The Star
Julie Harris,False,The Member of the Wedding
Susan Hayward,False,With a Song in My Heart
Marlon Brando,False,Julius Caesar
Richard Burton,False,The Robe
Montgomery Clift,False,From Here to Eternity
William Holden,True,Stalag 17
Burt Lancaster,False,From Here to Eternity
Leslie Caron,False,Lili
Ava Gardner,False,Mogambo
Audrey Hepburn,True,Roman Holiday
Deborah Kerr,False,From Here to Eternity
Maggie McNamara,False,The Moon Is Blue
Humphrey Bogart,False,The Caine Mutiny
Marlon Brando,True,On the Waterfront
Bing Crosby,False,The Country Girl
James Mason,False,A Star Is Born
Dan O'Herlihy,False,Adventures of Robinson Crusoe
Dorothy Dandridge,False,Carmen Jones
Judy Garland,False,A Star Is Born
Audrey Hepburn,False,Sabrina
Grace Kelly,True,The Country Girl
Jane Wyman,False,Magnificent Obsession
Ernest Borgnine,True,Marty
James Cagney,False,Love Me or Leave Me
James Dean,False,East of Eden
Frank Sinatra,False,The Man with the Golden Arm
Spencer Tracy,False,Bad Day at Black Rock
Susan Hayward,False,I'll Cry Tomorrow
Katharine Hepburn,False,Summertime
Jennifer Jones,False,Love Is a Many-Splendored Thing
Anna Magnani,True,The Rose Tattoo
Eleanor Parker,False,Interrupted Melody
Yul Brynner,True,The King and I
James Dean,False,Giant
Kirk Douglas,False,Lust for Life
Rock Hudson,False,Giant
Sir Laurence Olivier,False,Richard III
Carroll Baker,False,Baby Doll
Ingrid Bergman,True,Anastasia
Katharine Hepburn,False,The Rainmaker
Nancy Kelly,False,The Bad Seed
Deborah Kerr,False,The King and I
Marlon Brando,False,Sayonara
Anthony Franciosa,False,A Hatful of Rain
Alec Guinness,True,The Bridge on the River Kwai
Charles Laughton,False,Witness for the Prosecution
Anthony Quinn,False,Wild Is the Wind
Deborah Kerr,False,"Heaven Knows, Mr. Allison"
Anna Magnani,False,Wild Is the Wind
Elizabeth Taylor,False,Raintree County
Lana Turner,False,Peyton Place
Joanne Woodward,True,The Three Faces of Eve
Tony Curtis,False,The Defiant Ones
Paul Newman,False,Cat on a Hot Tin Roof
David Niven,True,Separate Tables
Sidney Poitier,False,The Defiant Ones
Spencer Tracy,False,The Old Man and the Sea
Susan Hayward,True,I Want to Live!
Deborah Kerr,False,Separate Tables
Shirley MacLaine,False,Some Came Running
Rosalind Russell,False,Auntie Mame
Elizabeth Taylor,False,Cat on a Hot Tin Roof
Laurence Harvey,False,Room at the Top
Charlton Heston,True,Ben-Hur
Jack Lemmon,False,Some Like It Hot
Paul Muni,False,The Last Angry Man
James Stewart,False,Anatomy of a Murder
Doris Day,False,Pillow Talk
Audrey Hepburn,False,The Nun's Story
Katharine Hepburn,False,"Suddenly, Last Summer"
Simone Signoret,True,Room at the Top
Elizabeth Taylor,False,"Suddenly, Last Summer"
Trevor Howard,False,Sons and Lovers
Burt Lancaster,True,Elmer Gantry
Jack Lemmon,False,The Apartment
Laurence Olivier,False,The Entertainer
Spencer Tracy,False,Inherit the Wind
Greer Garson,False,Sunrise at Campobello
Deborah Kerr,False,The Sundowners
Shirley MacLaine,False,The Apartment
Melina Mercouri,False,Never on Sunday
Elizabeth Taylor,True,Butterfield 8
Charles Boyer,False,Fanny
Paul Newman,False,The Hustler
Maximilian Schell,True,Judgment at Nuremberg
Spencer Tracy,False,Judgment at Nuremberg
Stuart Whitman,False,The Mark
Audrey Hepburn,False,Breakfast at Tiffany's
Piper Laurie,False,The Hustler
Sophia Loren,True,Two Women
Geraldine Page,False,Summer and Smoke
Natalie Wood,False,Splendor in the Grass
Burt Lancaster,False,Birdman of Alcatraz
Jack Lemmon,False,Days of Wine and Roses
Marcello Mastroianni,False,Divorce--Italian Style
Peter O'Toole,False,Lawrence of Arabia
Gregory Peck,True,To Kill a Mockingbird
Anne Bancroft,True,The Miracle Worker
Bette Davis,False,What Ever Happened to Baby Jane?
Katharine Hepburn,False,Long Day's Journey into Night
Geraldine Page,False,Sweet Bird of Youth
Lee Remick,False,Days of Wine and Roses
Albert Finney,False,Tom Jones
Richard Harris,False,This Sporting Life
Rex Harrison,False,Cleopatra
Paul Newman,False,Hud
Sidney Poitier,True,Lilies of the Field
Leslie Caron,False,The L-Shaped Room
Shirley MacLaine,False,Irma La Douce
Patricia Neal,True,Hud
Rachel Roberts,False,This Sporting Life
Natalie Wood,False,Love with the Proper Stranger
Richard Burton,False,Becket
Rex Harrison,True,My Fair Lady
Peter O'Toole,False,Becket
Anthony Quinn,False,Zorba the Greek
Peter Sellers,False,Dr. Strangelove or: How I Learned to Stop Worrying and Love the Bomb
Julie Andrews,True,Mary Poppins
Anne Bancroft,False,The Pumpkin Eater
Sophia Loren,False,Marriage Italian Style
Debbie Reynolds,False,The Unsinkable Molly Brown
Kim Stanley,False,Seance on a Wet Afternoon
Richard Burton,False,The Spy Who Came In from the Cold
Lee Marvin,True,Cat Ballou
Laurence Olivier,False,Othello
Rod Steiger,False,The Pawnbroker
Oskar Werner,False,Ship of Fools
Julie Andrews,False,The Sound of Music
Julie Christie,True,Darling
Samantha Eggar,False,The Collector
Elizabeth Hartman,False,A Patch of Blue
Simone Signoret,False,Ship of Fools
Alan Arkin,False,The Russians Are Coming The Russians Are Coming
Richard Burton,False,Who's Afraid of Virginia Woolf?
Michael Caine,False,Alfie
Steve McQueen,False,The Sand Pebbles
Paul Scofield,True,A Man for All Seasons
Anouk Aimee,False,A Man and a Woman
Ida Kaminska,False,The Shop on Main Street
Lynn Redgrave,False,Georgy Girl
Vanessa Redgrave,False,Morgan!
Elizabeth Taylor,True,Who's Afraid of Virginia Woolf?
Warren Beatty,False,Bonnie and Clyde
Dustin Hoffman,False,The Graduate
Paul Newman,False,Cool Hand Luke
Rod Steiger,True,In the Heat of the Night
Spencer Tracy,False,Guess Who's Coming to Dinner
Anne Bancroft,False,The Graduate
Faye Dunaway,False,Bonnie and Clyde
Dame Edith Evans,False,The Whisperers
Audrey Hepburn,False,Wait until Dark
Katharine Hepburn,True,Guess Who's Coming to Dinner
Alan Arkin,False,The Heart Is a Lonely Hunter
Alan Bates,False,The Fixer
Ron Moody,False,Oliver!
Peter O'Toole,False,The Lion in Winter
Cliff Robertson,True,Charly
Katharine Hepburn,True,The Lion in Winter
Patricia Neal,False,The Subject Was Roses
Vanessa Redgrave,False,Isadora
Barbra Streisand,True,Funny Girl
Joanne Woodward,False,"Rachel, Rachel"
Richard Burton,False,Anne of the Thousand Days
Dustin Hoffman,False,Midnight Cowboy
Peter O'Toole,False,"Goodbye, Mr. Chips"
Jon Voight,False,Midnight Cowboy
John Wayne,True,True Grit
Genevieve Bujold,False,Anne of the Thousand Days
Jane Fonda,False,"They Shoot Horses, Don't They?"
Liza Minnelli,False,The Sterile Cuckoo
Jean Simmons,False,The Happy Ending
Maggie Smith,True,The Prime of Miss Jean Brodie
Melvyn Douglas,False,I Never Sang for My Father
James Earl Jones,False,The Great White Hope
Jack Nicholson,False,Five Easy Pieces
Ryan O'Neal,False,Love Story
George C. Scott,True,Patton
Jane Alexander,False,The Great White Hope
Glenda Jackson,True,Women in Love
Ali MacGraw,False,Love Story
Sarah Miles,False,Ryan's Daughter
Carrie Snodgress,False,Diary of a Mad Housewife
Peter Finch,False,Sunday Bloody Sunday
Gene Hackman,True,The French Connection
Walter Matthau,False,Kotch
George C. Scott,False,The Hospital
Topol,False,Fiddler on the Roof
Julie Christie,False,McCabe & Mrs. Miller
Jane Fonda,True,Klute
Glenda Jackson,False,Sunday Bloody Sunday
Vanessa Redgrave,False,"Mary, Queen of Scots"
Janet Suzman,False,Nicholas and Alexandra
Marlon Brando,True,The Godfather
Michael Caine,False,Sleuth
Laurence Olivier,False,Sleuth
Peter O'Toole,False,The Ruling Class
Paul Winfield,False,Sounder
Liza Minnelli,True,Cabaret
Diana Ross,False,Lady Sings the Blues
Maggie Smith,False,Travels with My Aunt
Cicely Tyson,False,Sounder
Liv Ullmann,False,The Emigrants
Marlon Brando,False,Last Tango in Paris
Jack Lemmon,True,Save the Tiger
Jack Nicholson,False,The Last Detail
Al Pacino,False,Serpico
Robert Redford,False,The Sting
Ellen Burstyn,False,The Exorcist
Glenda Jackson,True,A Touch of Class
Marsha Mason,False,Cinderella Liberty
Barbra Streisand,False,The Way We Were
Joanne Woodward,False,"Summer Wishes, Winter Dreams"
Art Carney,True,Harry and Tonto
Albert Finney,False,Murder on the Orient Express
Dustin Hoffman,False,Lenny
Jack Nicholson,False,Chinatown
Al Pacino,False,The Godfather Part II
Ellen Burstyn,True,Alice Doesn't Live Here Anymore
Diahann Carroll,False,Claudine
Faye Dunaway,False,Chinatown
Valerie Perrine,False,Lenny
Gena Rowlands,False,A Woman under the Influence
Walter Matthau,False,The Sunshine Boys
Jack Nicholson,True,One Flew over the Cuckoo's Nest
Al Pacino,False,Dog Day Afternoon
Maximilian Schell,False,The Man in the Glass Booth
James Whitmore,False,"Give 'em Hell, Harry!"
Isabelle Adjani,False,The Story of Adele H.
Ann-Margret,False,Tommy
Louise Fletcher,True,One Flew over the Cuckoo's Nest
Glenda Jackson,False,Hedda
Carol Kane,False,Hester Street
Robert De Niro,False,Taxi Driver
Peter Finch,True,Network
Giancarlo Giannini,False,Seven Beauties
William Holden,False,Network
Sylvester Stallone,False,Rocky
Marie-Christine Barrault,False,"Cousin, Cousine"
Faye Dunaway,True,Network
Talia Shire,False,Rocky
Sissy Spacek,False,Carrie
Liv Ullmann,False,Face to Face
Woody Allen,False,Annie Hall
Richard Burton,False,Equus
Richard Dreyfuss,True,The Goodbye Girl
Marcello Mastroianni,False,A Special Day
John Travolta,False,Saturday Night Fever
Anne Bancroft,False,The Turning Point
Jane Fonda,False,Julia
Diane Keaton,True,Annie Hall
Shirley MacLaine,False,The Turning Point
Marsha Mason,False,The Goodbye Girl
Warren Beatty,False,Heaven Can Wait
Gary Busey,False,The Buddy Holly Story
Robert De Niro,False,The Deer Hunter
Laurence Olivier,False,The Boys from Brazil
Jon Voight,True,Coming Home
Ingrid Bergman,False,Autumn Sonata
Ellen Burstyn,False,"Same Time, Next Year"
Jill Clayburgh,False,An Unmarried Woman
Jane Fonda,True,Coming Home
Geraldine Page,False,Interiors
Dustin Hoffman,True,Kramer vs. Kramer
Jack Lemmon,False,The China Syndrome
Al Pacino,False,...And Justice for All
Roy Scheider,False,All That Jazz
Peter Sellers,False,Being There
Jill Clayburgh,False,Starting Over
Sally Field,True,Norma Rae
Jane Fonda,False,The China Syndrome
Marsha Mason,False,Chapter Two
Bette Midler,False,The Rose
Robert De Niro,True,Raging Bull
Robert Duvall,False,The Great Santini
John Hurt,False,The Elephant Man
Jack Lemmon,False,Tribute
Peter O'Toole,False,The Stunt Man
Ellen Burstyn,False,Resurrection
Goldie Hawn,False,Private Benjamin
Mary Tyler Moore,False,Ordinary People
Gena Rowlands,False,Gloria
Sissy Spacek,True,Coal Miner's Daughter
Warren Beatty,False,Reds
Henry Fonda,True,On Golden Pond
Burt Lancaster,False,Atlantic City
Dudley Moore,False,Arthur
Paul Newman,False,Absence of Malice
Katharine Hepburn,True,On Golden Pond
Diane Keaton,False,Reds
Marsha Mason,False,Only When I Laugh
Susan Sarandon,False,Atlantic City
Meryl Streep,False,The French Lieutenant's Woman
Dustin Hoffman,False,Tootsie
Ben Kingsley,True,Gandhi
Jack Lemmon,False,Missing
Paul Newman,False,The Verdict
Peter O'Toole,False,My Favorite Year
Julie Andrews,False,Victor/Victoria
Jessica Lange,False,Frances
Sissy Spacek,False,Missing
Meryl Streep,True,Sophie's Choice
Debra Winger,False,An Officer and a Gentleman
Michael Caine,False,Educating Rita
Tom Conti,False,"Reuben, Reuben"
Tom Courtenay,False,The Dresser
Robert Duvall,True,Tender Mercies
Albert Finney,False,The Dresser
Jane Alexander,False,Testament
Shirley MacLaine,True,Terms of Endearment
Meryl Streep,False,Silkwood
Julie Walters,False,Educating Rita
Debra Winger,False,Terms of Endearment
F. Murray Abraham,True,Amadeus
Jeff Bridges,False,Starman
Albert Finney,False,Under the Volcano
Tom Hulce,False,Amadeus
Sam Waterston,False,The Killing Fields
Judy Davis,False,A Passage to India
Sally Field,True,Places in the Heart
Jessica Lange,False,Country
Vanessa Redgrave,False,The Bostonians
Sissy Spacek,False,The River
Harrison Ford,False,Witness
James Garner,False,Murphy's Romance
William Hurt,True,Kiss of the Spider Woman
Jack Nicholson,False,Prizzi's Honor
Jon Voight,False,Runaway Train
Anne Bancroft,False,Agnes of God
Whoopi Goldberg,False,The Color Purple
Jessica Lange,False,Sweet Dreams
Geraldine Page,True,The Trip to Bountiful
Meryl Streep,False,Out of Africa
Dexter Gordon,False,'Round Midnight
Bob Hoskins,False,Mona Lisa
William Hurt,False,Children of a Lesser God
Paul Newman,True,The Color of Money
James Woods,False,Salvador
Jane Fonda,False,The Morning After
Marlee Matlin,True,Children of a Lesser God
Sissy Spacek,False,Crimes of the Heart
Kathleen Turner,False,Peggy Sue Got Married
Sigourney Weaver,False,Aliens
Michael Douglas,True,Wall Street
William Hurt,False,Broadcast News
Marcello Mastroianni,False,Dark Eyes
Jack Nicholson,False,Ironweed
Robin Williams,False,"Good Morning, Vietnam"
Cher,True,Moonstruck
Glenn Close,False,Fatal Attraction
Holly Hunter,False,Broadcast News
Sally Kirkland,False,Anna
Meryl Streep,False,Ironweed
Gene Hackman,False,Mississippi Burning
Tom Hanks,False,Big
Dustin Hoffman,True,Rain Man
Edward James Olmos,False,Stand and Deliver
Max von Sydow,False,Pelle the Conqueror
Glenn Close,False,Dangerous Liaisons
Jodie Foster,True,The Accused
Melanie Griffith,False,Working Girl
Meryl Streep,False,A Cry in the Dark
Sigourney Weaver,False,Gorillas in the Mist
Kenneth Branagh,False,Henry V
Tom Cruise,False,Born on the Fourth of July
Daniel Day Lewis,True,My Left Foot
Morgan Freeman,False,Driving Miss Daisy
Robin Williams,False,Dead Poets Society
Isabelle Adjani,False,Camille Claudel
Pauline Collins,False,Shirley Valentine
Jessica Lange,False,Music Box
Michelle Pfeiffer,False,The Fabulous Baker Boys
Jessica Tandy,True,Driving Miss Daisy
Kevin Costner,False,Dances With Wolves
Robert De Niro,False,Awakenings
Gerard Depardieu,False,Cyrano de Bergerac
Richard Harris,False,The Field
Jeremy Irons,True,Reversal of Fortune
Kathy Bates,True,Misery
Anjelica Huston,False,The Grifters
Julia Roberts,False,Pretty Woman
Meryl Streep,False,Postcards from the Edge
Joanne Woodward,False,Mr. & Mrs. Bridge
Warren Beatty,False,Bugsy
Robert De Niro,False,Cape Fear
Anthony Hopkins,True,The Silence of the Lambs
Nick Nolte,False,The Prince of Tides
Robin Williams,False,The Fisher King
Geena Davis,False,Thelma & Louise
Laura Dern,False,Rambling Rose
Jodie Foster,True,The Silence of the Lambs
Bette Midler,False,For the Boys
Susan Sarandon,False,Thelma & Louise
Robert Downey Jr.,False,Chaplin
Clint Eastwood,False,Unforgiven
Al Pacino,True,Scent of a Woman
Stephen Rea,False,The Crying Game
Denzel Washington,False,Malcolm X
Catherine Deneuve,False,Indochine
Mary McDonnell,False,Passion Fish
Michelle Pfeiffer,False,Love Field
Susan Sarandon,False,Lorenzo's Oil
Emma Thompson,True,Howards End
Daniel Day-Lewis,False,In the Name of the Father
Laurence Fishburne,False,What's Love Got to Do with It
Tom Hanks,True,Philadelphia
Anthony Hopkins,False,The Remains of the Day
Liam Neeson,False,Schindler's List
Angela Bassett,False,What's Love Got to Do with It
Stockard Channing,False,Six Degrees of Separation
Holly Hunter,True,The Piano
Emma Thompson,False,The Remains of the Day
Debra Winger,False,Shadowlands
Morgan Freeman,False,The Shawshank Redemption
Tom Hanks,True,Forrest Gump
Nigel Hawthorne,False,The Madness of King George
Paul Newman,False,Nobody's Fool
John Travolta,False,Pulp Fiction
Jodie Foster,False,Nell
Jessica Lange,True,Blue Sky
Miranda Richardson,False,Tom & Viv
Winona Ryder,False,Little Women
Susan Sarandon,False,The Client
Nicolas Cage,True,Leaving Las Vegas
Richard Dreyfuss,False,Mr. Holland's Opus
Anthony Hopkins,False,Nixon
Sean Penn,False,Dead Man Walking
Massimo Troisi,False,The Postman (Il Postino)
Susan Sarandon,True,Dead Man Walking
Elisabeth Shue,False,Leaving Las Vegas
Sharon Stone,False,Casino
Meryl Streep,False,The Bridges of Madison County
Emma Thompson,False,Sense and Sensibility
Tom Cruise,False,Jerry Maguire
Ralph Fiennes,False,The English Patient
Woody Harrelson,False,The People vs. Larry Flynt
Geoffrey Rush,True,Shine
Billy Bob Thornton,False,Sling Blade
Brenda Blethyn,False,Secrets & Lies
Diane Keaton,False,Marvin's Room
Frances McDormand,True,Fargo
Kristin Scott Thomas,False,The English Patient
Emily Watson,False,Breaking the Waves
Matt Damon,False,Good Will Hunting
Robert Duvall,False,The Apostle
Peter Fonda,False,Ulee's Gold
Dustin Hoffman,False,Wag the Dog
Jack Nicholson,True,As Good as It Gets
Helena Bonham Carter,False,The Wings of the Dove
Julie Christie,False,Afterglow
Judi Dench,False,Mrs. Brown
Helen Hunt,True,As Good as It Gets
Kate Winslet,False,Titanic
Roberto Benigni,True,Life Is Beautiful
Tom Hanks,False,Saving Private Ryan
Ian McKellen,False,Gods and Monsters
Nick Nolte,False,Affliction
Edward Norton,False,American History X
Cate Blanchett,False,Elizabeth
Fernanda Montenegro,False,Central Station
Gwyneth Paltrow,True,Shakespeare in Love
Meryl Streep,False,One True Thing
Emily Watson,False,Hilary and Jackie
Russell Crowe,False,The Insider
Richard Farnsworth,False,The Straight Story
Sean Penn,False,Sweet and Lowdown
Kevin Spacey,True,American Beauty
Denzel Washington,False,The Hurricane
Annette Bening,False,American Beauty
Janet McTeer,False,Tumbleweeds
Julianne Moore,False,The End of the Affair
Meryl Streep,False,Music of the Heart
Hilary Swank,True,Boys Don't Cry
Javier Bardem,False,Before Night Falls
Russell Crowe,True,Gladiator
Tom Hanks,False,Cast Away
Ed Harris,False,Pollock
Geoffrey Rush,False,Quills
Joan Allen,False,The Contender
Juliette Binoche,False,Chocolat
Ellen Burstyn,False,Requiem for a Dream
Laura Linney,False,You Can Count on Me
Julia Roberts,True,Erin Brockovich
Russell Crowe,False,A Beautiful Mind
Sean Penn,False,I Am Sam
Will Smith,False,Ali
Denzel Washington,True,Training Day
Tom Wilkinson,False,In the Bedroom
Halle Berry,True,Monster's Ball
Judi Dench,False,Iris
Nicole Kidman,False,Moulin Rouge
Sissy Spacek,False,In the Bedroom
RenÃ©e Zellweger,False,Bridget Jones's Diary
Adrien Brody,True,The Pianist
Nicolas Cage,False,Adaptation
Michael Caine,False,The Quiet American
Daniel Day-Lewis,False,Gangs of New York
Jack Nicholson,False,About Schmidt
Salma Hayek,False,Frida
Nicole Kidman,True,The Hours
Diane Lane,False,Unfaithful
Julianne Moore,False,Far from Heaven
RenÃ©e Zellweger,False,Chicago
Johnny Depp,False,Pirates of the Caribbean: The Curse of the Black Pearl
Ben Kingsley,False,House of Sand and Fog
Jude Law,False,Cold Mountain
Bill Murray,False,Lost in Translation
Sean Penn,True,Mystic River
Keisha Castle-Hughes,False,Whale Rider
Diane Keaton,False,Something's Gotta Give
Samantha Morton,False,In America
Charlize Theron,True,Monster
Naomi Watts,False,21 Grams
Don Cheadle,False,Hotel Rwanda
Johnny Depp,False,Finding Neverland
Leonardo DiCaprio,False,The Aviator
Clint Eastwood,False,Million Dollar Baby
Jamie Foxx,True,Ray
Annette Bening,False,Being Julia
Catalina Sandino Moreno,False,Maria Full of Grace
Imelda Staunton,False,Vera Drake
Hilary Swank,True,Million Dollar Baby
Kate Winslet,False,Eternal Sunshine of the Spotless Mind
Philip Seymour Hoffman,True,Capote
Terrence Howard,False,Hustle & Flow
Heath Ledger,False,Brokeback Mountain
Joaquin Phoenix,False,Walk the Line
David Strathairn,False,"Good Night, and Good Luck."
Judi Dench,False,Mrs. Henderson Presents
Felicity Huffman,False,Transamerica
Keira Knightley,False,Pride & Prejudice
Charlize Theron,False,North Country
Reese Witherspoon,True,Walk the Line
Leonardo DiCaprio,False,Blood Diamond
Ryan Gosling,False,Half Nelson
Peter O'Toole,False,Venus
Will Smith,False,The Pursuit of Happyness
Forest Whitaker,True,The Last King of Scotland
PenÃ©lope Cruz,False,Volver
Judi Dench,False,Notes on a Scandal
Helen Mirren,True,The Queen
Meryl Streep,False,The Devil Wears Prada
Kate Winslet,False,Little Children
George Clooney,False,Michael Clayton
Daniel Day-Lewis,True,There Will Be Blood
Johnny Depp,False,Sweeney Todd The Demon Barber of Fleet Street
Tommy Lee Jones,False,In the Valley of Elah
Viggo Mortensen,False,Eastern Promises
Cate Blanchett,False,Elizabeth: The Golden Age
Julie Christie,False,Away from Her
Marion Cotillard,True,La Vie en Rose
Laura Linney,False,The Savages
Ellen Page,False,Juno
Richard Jenkins,False,The Visitor
Frank Langella,False,Frost/Nixon
Sean Penn,True,Milk
Brad Pitt,False,The Curious Case of Benjamin Button
Mickey Rourke,False,The Wrestler
Anne Hathaway,False,Rachel Getting Married
Angelina Jolie,False,Changeling
Melissa Leo,False,Frozen River
Meryl Streep,False,Doubt
Kate Winslet,True,The Reader
Jeff Bridges,True,Crazy Heart
George Clooney,False,Up in the Air
Colin Firth,False,A Single Man
Morgan Freeman,False,Invictus
Jeremy Renner,False,The Hurt Locker
Sandra Bullock,True,The Blind Side
Helen Mirren,False,The Last Station
Carey Mulligan,False,An Education
Gabourey Sidibe,False,Precious: Based on the Novel 'Push' by Sapphire
Meryl Streep,False,Julie & Julia
Javier Bardem,False,Biutiful
Jeff Bridges,False,True Grit
Jesse Eisenberg,False,The Social Network
Colin Firth,True,The King's Speech
James Franco,False,127 Hours
Annette Bening,False,The Kids Are All Right
Nicole Kidman,False,Rabbit Hole
Jennifer Lawrence,False,Winter's Bone
Natalie Portman,True,Black Swan
Michelle Williams,False,Blue Valentine
DemiÃ¡n Bichir,False,A Better Life
George Clooney,False,The Descendants
Jean Dujardin,True,The Artist
Gary Oldman,False,Tinker Tailor Soldier Spy
Brad Pitt,False,Moneyball
Glenn Close,False,Albert Nobbs
Viola Davis,False,The Help
Rooney Mara,False,The Girl with the Dragon Tattoo
Meryl Streep,True,The Iron Lady
Michelle Williams,False,My Week with Marilyn
Bradley Cooper,False,Silver Linings Playbook
Daniel Day-Lewis,True,Lincoln
Hugh Jackman,False,Les MisÃ©rables
Joaquin Phoenix,False,The Master
Denzel Washington,False,Flight
Jessica Chastain,False,Zero Dark Thirty
Jennifer Lawrence,True,Silver Linings Playbook
Emmanuelle Riva,False,Amour
QuvenzhanÃ© Wallis,False,Beasts of the Southern Wild
Naomi Watts,False,The Impossible
Christian Bale,False,American Hustle
Bruce Dern,False,Nebraska
Leonardo DiCaprio,False,The Wolf of Wall Street
Chiwetel Ejiofor,False,12 Years a Slave
Matthew McConaughey,True,Dallas Buyers Club
Amy Adams,False,American Hustle
Cate Blanchett,True,Blue Jasmine
Sandra Bullock,False,Gravity
Judi Dench,False,Philomena
Meryl Streep,False,August: Osage County
Steve Carell,False,Foxcatcher
Bradley Cooper,False,American Sniper
Benedict Cumberbatch,False,The Imitation Game
Michael Keaton,False,Birdman or (The Unexpected Virtue of Ignorance)
Eddie Redmayne,True,The Theory of Everything
Marion Cotillard,False,"Two Days, One Night"
Felicity Jones,False,The Theory of Everything
Julianne Moore,True,Still Alice
Rosamund Pike,False,Gone Girl
Reese Witherspoon,False,Wild
Bryan Cranston,False,Trumbo
Matt Damon,False,The Martian
Leonardo DiCaprio,True,The Revenant
Michael Fassbender,False,Steve Jobs
Eddie Redmayne,False,The Danish Girl
Cate Blanchett,False,Carol
Brie Larson,True,Room
Jennifer Lawrence,False,Joy
Charlotte Rampling,False,45 Years
Saoirse Ronan,False,Brooklyn
Casey Affleck,True,Manchester by the Sea
Andrew Garfield,False,Hacksaw Ridge
Ryan Gosling,False,La La Land
Viggo Mortensen,False,Captain Fantastic
Denzel Washington,False,Fences
Isabelle Huppert,False,Elle
Ruth Negga,False,Loving
Natalie Portman,False,Jackie
Emma Stone,True,La La Land
Meryl Streep,False,Florence Foster Jenkins
TimothÃ©e Chalamet,False,Call Me by Your Name
Daniel Day-Lewis,False,Phantom Thread
Daniel Kaluuya,False,Get Out
Gary Oldman,True,Darkest Hour
Denzel Washington,False,"Roman J. Israel, Esq."
Sally Hawkins,False,The Shape of Water
Frances McDormand,True,"Three Billboards outside Ebbing, Missouri"
Margot Robbie,False,"I, Tonya"
Saoirse Ronan,False,Lady Bird
Meryl Streep,False,The Post
Christian Bale,False,Vice
Bradley Cooper,False,A Star Is Born
Willem Dafoe,False,At Eternity's Gate
Rami Malek,True,Bohemian Rhapsody
Viggo Mortensen,False,Green Book
Yalitza Aparicio,False,Roma
Glenn Close,False,The Wife
Olivia Colman,True,The Favourite
Lady Gaga,False,A Star Is Born
Melissa McCarthy,False,Can You Ever Forgive Me?
Antonio Banderas,False,Pain and Glory
Leonardo DiCaprio,False,Once upon a Time...in Hollywood
Adam Driver,False,Marriage Story
Joaquin Phoenix,True,Joker
Jonathan Pryce,False,The Two Popes
Cynthia Erivo,False,Harriet
Scarlett Johansson,False,Marriage Story
Saoirse Ronan,False,Little Women
Charlize Theron,False,Bombshell
RenÃ©e Zellweger,True,Judy
